[{"model": "admin.logentry", "pk": 1, "fields": {"action_time": "2022-07-09T12:56:27.771Z", "user": 1, "content_type": 7, "object_id": "1", "object_repr": "iPhone 13 Pro Max", "action_flag": 1, "change_message": "[{\"added\": {}}]"}}, {"model": "admin.logentry", "pk": 2, "fields": {"action_time": "2022-07-09T14:43:34.990Z", "user": 1, "content_type": 7, "object_id": "2", "object_repr": "AirPods Pro", "action_flag": 1, "change_message": "[{\"added\": {}}]"}}, {"model": "admin.logentry", "pk": 3, "fields": {"action_time": "2022-07-09T18:54:57.840Z", "user": 1, "content_type": 7, "object_id": "3", "object_repr": "OnePlus 6", "action_flag": 1, "change_message": "[{\"added\": {}}]"}}, {"model": "admin.logentry", "pk": 4, "fields": {"action_time": "2022-07-09T19:01:13.067Z", "user": 1, "content_type": 7, "object_id": "4", "object_repr": "NVIDIA RTX 3080", "action_flag": 1, "change_message": "[{\"added\": {}}]"}}, {"model": "admin.logentry", "pk": 5, "fields": {"action_time": "2022-07-09T19:02:27.205Z", "user": 1, "content_type": 7, "object_id": "5", "object_repr": "AMD Ryzen 9 3900XT", "action_flag": 1, "change_message": "[{\"added\": {}}]"}}, {"model": "admin.logentry", "pk": 6, "fields": {"action_time": "2022-07-09T19:10:10.259Z", "user": 1, "content_type": 7, "object_id": "6", "object_repr": "Kingston Fury Beast 16GB", "action_flag": 1, "change_message": "[{\"added\": {}}]"}}, {"model": "admin.logentry", "pk": 7, "fields": {"action_time": "2022-07-09T19:13:29.203Z", "user": 1, "content_type": 7, "object_id": "7", "object_repr": "Samsung EVO Plus 970 1TB", "action_flag": 1, "change_message": "[{\"added\": {}}]"}}, {"model": "admin.logentry", "pk": 8, "fields": {"action_time": "2022-07-09T19:15:16.458Z", "user": 1, "content_type": 7, "object_id": "8", "object_repr": "MSI MAG B550 Tomahawk", "action_flag": 1, "change_message": "[{\"added\": {}}]"}}, {"model": "admin.logentry", "pk": 23, "fields": {"action_time": "2022-07-25T17:21:53.599Z", "user": 11, "content_type": 4, "object_id": "6", "object_repr": "john1@email.com", "action_flag": 3, "change_message": ""}}, {"model": "admin.logentry", "pk": 24, "fields": {"action_time": "2022-07-25T17:21:53.607Z", "user": 11, "content_type": 4, "object_id": "4", "object_repr": "john@email.com", "action_flag": 3, "change_message": ""}}, {"model": "admin.logentry", "pk": 25, "fields": {"action_time": "2022-07-25T17:21:53.615Z", "user": 11, "content_type": 4, "object_id": "9", "object_repr": "jord@jord.jord", "action_flag": 3, "change_message": ""}}, {"model": "admin.logentry", "pk": 26, "fields": {"action_time": "2022-07-25T17:21:53.622Z", "user": 11, "content_type": 4, "object_id": "7", "object_repr": "richard@email.com", "action_flag": 3, "change_message": ""}}, {"model": "admin.logentry", "pk": 27, "fields": {"action_time": "2022-07-25T17:21:53.630Z", "user": 11, "content_type": 4, "object_id": "8", "object_repr": "steven@isaac.com", "action_flag": 3, "change_message": ""}}, {"model": "admin.logentry", "pk": 28, "fields": {"action_time": "2022-07-25T17:21:53.639Z", "user": 11, "content_type": 4, "object_id": "10", "object_repr": "tonka@abv.bg", "action_flag": 3, "change_message": ""}}, {"model": "admin.logentry", "pk": 29, "fields": {"action_time": "2022-08-03T11:22:08.357Z", "user": 11, "content_type": 7, "object_id": "9", "object_repr": "ProductPls", "action_flag": 1, "change_message": "[{\"added\": {}}]"}}, {"model": "admin.logentry", "pk": 30, "fields": {"action_time": "2022-08-03T11:46:56.311Z", "user": 11, "content_type": 7, "object_id": "11", "object_repr": "Sample Name", "action_flag": 3, "change_message": ""}}, {"model": "admin.logentry", "pk": 31, "fields": {"action_time": "2022-08-03T11:47:42.516Z", "user": 11, "content_type": 7, "object_id": "12", "object_repr": "Jordan", "action_flag": 1, "change_message": "[{\"added\": {}}]"}}, {"model": "admin.logentry", "pk": 32, "fields": {"action_time": "2022-08-03T11:47:59.518Z", "user": 11, "content_type": 7, "object_id": "12", "object_repr": "Jordan", "action_flag": 3, "change_message": ""}}, {"model": "auth.permission", "pk": 1, "fields": {"name": "Can add log entry", "content_type": 1, "codename": "add_logentry"}}, {"model": "auth.permission", "pk": 2, "fields": {"name": "Can change log entry", "content_type": 1, "codename": "change_logentry"}}, {"model": "auth.permission", "pk": 3, "fields": {"name": "Can delete log entry", "content_type": 1, "codename": "delete_logentry"}}, {"model": "auth.permission", "pk": 4, "fields": {"name": "Can view log entry", "content_type": 1, "codename": "view_logentry"}}, {"model": "auth.permission", "pk": 5, "fields": {"name": "Can add permission", "content_type": 2, "codename": "add_permission"}}, {"model": "auth.permission", "pk": 6, "fields": {"name": "Can change permission", "content_type": 2, "codename": "change_permission"}}, {"model": "auth.permission", "pk": 7, "fields": {"name": "Can delete permission", "content_type": 2, "codename": "delete_permission"}}, {"model": "auth.permission", "pk": 8, "fields": {"name": "Can view permission", "content_type": 2, "codename": "view_permission"}}, {"model": "auth.permission", "pk": 9, "fields": {"name": "Can add group", "content_type": 3, "codename": "add_group"}}, {"model": "auth.permission", "pk": 10, "fields": {"name": "Can change group", "content_type": 3, "codename": "change_group"}}, {"model": "auth.permission", "pk": 11, "fields": {"name": "Can delete group", "content_type": 3, "codename": "delete_group"}}, {"model": "auth.permission", "pk": 12, "fields": {"name": "Can view group", "content_type": 3, "codename": "view_group"}}, {"model": "auth.permission", "pk": 13, "fields": {"name": "Can add user", "content_type": 4, "codename": "add_user"}}, {"model": "auth.permission", "pk": 14, "fields": {"name": "Can change user", "content_type": 4, "codename": "change_user"}}, {"model": "auth.permission", "pk": 15, "fields": {"name": "Can delete user", "content_type": 4, "codename": "delete_user"}}, {"model": "auth.permission", "pk": 16, "fields": {"name": "Can view user", "content_type": 4, "codename": "view_user"}}, {"model": "auth.permission", "pk": 17, "fields": {"name": "Can add content type", "content_type": 5, "codename": "add_contenttype"}}, {"model": "auth.permission", "pk": 18, "fields": {"name": "Can change content type", "content_type": 5, "codename": "change_contenttype"}}, {"model": "auth.permission", "pk": 19, "fields": {"name": "Can delete content type", "content_type": 5, "codename": "delete_contenttype"}}, {"model": "auth.permission", "pk": 20, "fields": {"name": "Can view content type", "content_type": 5, "codename": "view_contenttype"}}, {"model": "auth.permission", "pk": 21, "fields": {"name": "Can add session", "content_type": 6, "codename": "add_session"}}, {"model": "auth.permission", "pk": 22, "fields": {"name": "Can change session", "content_type": 6, "codename": "change_session"}}, {"model": "auth.permission", "pk": 23, "fields": {"name": "Can delete session", "content_type": 6, "codename": "delete_session"}}, {"model": "auth.permission", "pk": 24, "fields": {"name": "Can view session", "content_type": 6, "codename": "view_session"}}, {"model": "auth.permission", "pk": 25, "fields": {"name": "Can add product", "content_type": 7, "codename": "add_product"}}, {"model": "auth.permission", "pk": 26, "fields": {"name": "Can change product", "content_type": 7, "codename": "change_product"}}, {"model": "auth.permission", "pk": 27, "fields": {"name": "Can delete product", "content_type": 7, "codename": "delete_product"}}, {"model": "auth.permission", "pk": 28, "fields": {"name": "Can view product", "content_type": 7, "codename": "view_product"}}, {"model": "auth.permission", "pk": 29, "fields": {"name": "Can add order item", "content_type": 8, "codename": "add_orderitem"}}, {"model": "auth.permission", "pk": 30, "fields": {"name": "Can change order item", "content_type": 8, "codename": "change_orderitem"}}, {"model": "auth.permission", "pk": 31, "fields": {"name": "Can delete order item", "content_type": 8, "codename": "delete_orderitem"}}, {"model": "auth.permission", "pk": 32, "fields": {"name": "Can view order item", "content_type": 8, "codename": "view_orderitem"}}, {"model": "auth.permission", "pk": 33, "fields": {"name": "Can add shipping address", "content_type": 9, "codename": "add_shippingaddress"}}, {"model": "auth.permission", "pk": 34, "fields": {"name": "Can change shipping address", "content_type": 9, "codename": "change_shippingaddress"}}, {"model": "auth.permission", "pk": 35, "fields": {"name": "Can delete shipping address", "content_type": 9, "codename": "delete_shippingaddress"}}, {"model": "auth.permission", "pk": 36, "fields": {"name": "Can view shipping address", "content_type": 9, "codename": "view_shippingaddress"}}, {"model": "auth.permission", "pk": 37, "fields": {"name": "Can add review", "content_type": 10, "codename": "add_review"}}, {"model": "auth.permission", "pk": 38, "fields": {"name": "Can change review", "content_type": 10, "codename": "change_review"}}, {"model": "auth.permission", "pk": 39, "fields": {"name": "Can delete review", "content_type": 10, "codename": "delete_review"}}, {"model": "auth.permission", "pk": 40, "fields": {"name": "Can view review", "content_type": 10, "codename": "view_review"}}, {"model": "auth.permission", "pk": 41, "fields": {"name": "Can add order", "content_type": 11, "codename": "add_order"}}, {"model": "auth.permission", "pk": 42, "fields": {"name": "Can change order", "content_type": 11, "codename": "change_order"}}, {"model": "auth.permission", "pk": 43, "fields": {"name": "Can delete order", "content_type": 11, "codename": "delete_order"}}, {"model": "auth.permission", "pk": 44, "fields": {"name": "Can view order", "content_type": 11, "codename": "view_order"}}, {"model": "auth.user", "pk": 1, "fields": {"password": "pbkdf2_sha256$320000$WUdE1g8Wg1CdoeGhbDEQxG$TQ6bjD6qv2VDGKn0Cc9MvV7VR5EORnKICh5aDXoDNCo=", "last_login": "2022-07-09T12:27:25Z", "is_superuser": true, "username": "sweseto@gmail.com", "first_name": "", "last_name": "", "email": "sweseto@gmail.com", "is_staff": true, "is_active": true, "date_joined": "2022-07-09T12:26:41Z", "groups": [], "user_permissions": []}}, {"model": "auth.user", "pk": 11, "fields": {"password": "pbkdf2_sha256$320000$YE2mcvnv8iALHAjePnIJN7$4OpY46lJ0cSBkJKaZjn6nMzxiJzzdYtpPH5eInrQ2hA=", "last_login": "2022-07-25T17:21:23.994Z", "is_superuser": true, "username": "adminbaby@admin.com", "first_name": "AdministratorBabe", "last_name": "", "email": "adminbaby@admin.com", "is_staff": true, "is_active": true, "date_joined": "2022-07-25T17:17:38.021Z", "groups": [], "user_permissions": []}}, {"model": "auth.user", "pk": 14, "fields": {"password": "pbkdf2_sha256$320000$p3z6mYyl15jFPk5iJeRM0J$3dGWSm8+XKj5K4ZMk3UGuKfbniiWRd1nWxobqrZehdg=", "last_login": null, "is_superuser": false, "username": "storaro@fakulteta.com", "first_name": "Fikret Storaro", "last_name": "", "email": "storaro@fakulteta.com", "is_staff": false, "is_active": true, "date_joined": "2022-08-03T10:46:22.106Z", "groups": [], "user_permissions": []}}, {"model": "auth.user", "pk": 15, "fields": {"password": "pbkdf2_sha256$320000$UpjkZsgmSpklEhRraO1QOp$EIfR1Ixse0i8+DkDBWozzckWUUboa3fR50pZMTYOf94=", "last_login": null, "is_superuser": false, "username": "gulubinov@abv.bg", "first_name": "Strahil Gulubinov", "last_name": "", "email": "gulubinov@abv.bg", "is_staff": false, "is_active": true, "date_joined": "2022-08-04T23:05:32.566Z", "groups": [], "user_permissions": []}}, {"model": "sessions.session", "pk": "2ptbqc2wv89my667ty9xlje92691jlsl", "fields": {"session_data": "e30:1oG1kO:GRrFovBvIZRg554xVI1MzPK4FpG0a1utTzR9LkjMou4", "expire_date": "2022-08-08T17:20:00.665Z"}}, {"model": "sessions.session", "pk": "8xmesqx1ljsi0csmejuyedjwsi1a8rnx", "fields": {"session_data": "e30:1oFzxO:O59pkjhfTddLDMpJEYpMntPzlmTLYYZfqtTghW7-2HQ", "expire_date": "2022-08-08T15:25:18.908Z"}}, {"model": "sessions.session", "pk": "9x066vlmf4v5z0e7n1ezddoi4q1vgpgu", "fields": {"session_data": "e30:1oFzxy:z90jKiS9CImlS9Z8LKOxymIyRwVj_4ceH2flCWvTTt4", "expire_date": "2022-08-08T15:25:54.083Z"}}, {"model": "sessions.session", "pk": "dskzjtdgj057anj6vh8ewvyclpbearz4", "fields": {"session_data": "e30:1oG1im:LJLwPj4NDlpda1bn__U2jh-NIWjGvpdCostOqUJCxOY", "expire_date": "2022-08-08T17:18:20.676Z"}}, {"model": "sessions.session", "pk": "ix6jwti5sk1ssdxbzrmdo6mf6737hq9c", "fields": {"session_data": ".eJxVjEEOwiAQRe_C2pAMFDq4dO8ZyACDVA0kpV0Z764kXej2v_f-S3jat-L3zqtfkjgLEKffLVB8cB0g3anemoytbusS5FDkQbu8tsTPy-H-HRTq5VvP1mkNASDzrJFyhKSdYiQ7aY7GBAzgFOJENOlIKhhnEGxmxhGieH8A0jA3VA:1oA9YT:247wj7fQhqMX5gNNxY_tGJaEyOEE-M-aVdMuG5kR2sQ", "expire_date": "2022-07-23T12:27:25.884Z"}}, {"model": "sessions.session", "pk": "l69g3c5gqroexhs0c30jxqdfihf9r8o0", "fields": {"session_data": "e30:1oG1gJ:oj63c09cSvttEFEM6l-kBJU9duU1gunUJq8gAZsPO1I", "expire_date": "2022-08-08T17:15:47.820Z"}}, {"model": "sessions.session", "pk": "pm6ks357hk3nzo43y80kijebt6x1rtjm", "fields": {"session_data": ".eJxVjDsOwjAQBe_iGln-ZBNDSZ8zWLveNQ4gR4qTCnF3iJQC2jcz76UibmuJW5MlTqwuylp1-h0J00PqTviO9TbrNNd1mUjvij5o0-PM8rwe7t9BwVa-tQlZ0HsLCXIy4oNjJuQAXWcAsjuzAWsRCcST4dwD0oCUyA_s-mzV-wMaMzjS:1oG1lk:zcrs-zD2kSh2i8UKY1D5qbQS75ANX6UXBhWqfxFf7X0", "expire_date": "2022-08-08T17:21:24.004Z"}}, {"model": "sessions.session", "pk": "tr3tcqr4m9nb500gcv5kxowv601193su", "fields": {"session_data": "e30:1oFzx4:evv17tyC2reofy1gqjqHESmKE5CwauMGXUn1S38sWFk", "expire_date": "2022-08-08T15:24:58.381Z"}}, {"model": "base.product", "pk": 1, "fields": {"user": 1, "name": "iPhone 13 Pro Max", "image": "4d10e0c2396157affb0917088de96692-iphone-13-series-1.jpg", "brand": "Apple", "category": "Smartphone", "description": "Amaezing smartphone m8", "rating": "5.00", "numReviews": 1, "price": "1399.00", "countInStock": 10, "createdAt": "2022-07-09T12:56:27.770Z"}}, {"model": "base.product", "pk": 2, "fields": {"user": 1, "name": "AirPods Pro", "image": "airpods_pro_3d_model_c4d_max_obj_fbx_ma_lwo_3ds_3dm_stl_2770163.jpg", "brand": "Apple", "category": "Headphones", "description": "Apple's high-end In-Ear headphones.", "rating": "4.50", "numReviews": 2, "price": "299.00", "countInStock": 18, "createdAt": "2022-07-09T14:43:34.988Z"}}, {"model": "base.product", "pk": 4, "fields": {"user": 1, "name": "NVIDIA RTX 3080", "image": "kaart-2.jpg", "brand": "NVIDIA", "category": "GPU", "description": "The GeForce RTX™ 3080 Ti and RTX 3080 graphics cards deliver the ultra performance that gamers crave, powered by Ampere—NVIDIA's 2nd gen RTX architecture. They are built with enhanced RT Cores and Tensor Cores, new streaming multiprocessors, and superfast G6X memory for an amazing gaming experience.", "rating": "4.50", "numReviews": 23, "price": "1000.00", "countInStock": 0, "createdAt": "2022-07-09T19:01:13.065Z"}}, {"model": "base.product", "pk": 5, "fields": {"user": 1, "name": "AMD Ryzen 9 3900XT", "image": "Sghyl4nqIMlFBFDqTLuV1zI93f9wyK59xeKXp3Asq5E.webp", "brand": "AMD", "category": "CPU", "description": "Built with Zen Core architecture, the 7nm Ryzen processor offers increased performance compared to its predecessor. It has a base clock speed of 3.8 GHz and can reach a max boost clock speed of 4.7 GHz. Moreover, it features 64 MB of L3 cache and support for 3200 MHz DDR4 RAM.", "rating": "5.00", "numReviews": 10, "price": "899.00", "countInStock": 6, "createdAt": "2022-07-09T19:02:27.203Z"}}, {"model": "base.product", "pk": 6, "fields": {"user": 1, "name": "Kingston Fury Beast 16GB", "image": "XZ2dOVu7t0O8kqHpNWVIfuBOJs19RXF1y109pmTBWUQ.webp", "brand": "Kingston", "category": "RAM", "description": "The Kingston FURY Beast DDR4 provides a powerful performance boost for gaming, video editing and rendering with speeds up to 3733MHz. This cost-effective upgrade is available in 2666MHz–3733MHz speeds, CL15–19 latencies, single module capacities of 4GB–32GB, and kit capacities of 8GB–128GB.", "rating": "4.00", "numReviews": 6, "price": "75.99", "countInStock": 2, "createdAt": "2022-07-09T19:10:10.257Z"}}, {"model": "base.product", "pk": 7, "fields": {"user": 1, "name": "Samsung EVO Plus 970 1TB", "image": "409407-640.jpg", "brand": "Samsung", "category": "SSD", "description": "The EVO 970 Plus reaches sequential read speeds of up to 3500 MB/s and sequential write speeds of up to 3300 MB/s. Powered by V-NAND technology, which improves NAND performance and delivers higher power efficiency, along with optimized firmware, a Phoenix controller, and Intelligent TurboWrite boost speed.", "rating": "4.50", "numReviews": 3, "price": "89.99", "countInStock": 0, "createdAt": "2022-07-09T19:13:29.201Z"}}, {"model": "base.product", "pk": 8, "fields": {"user": 1, "name": "MSI MAG B550 Tomahawk", "image": "JiLgZIKMyI49Z1giE1ndVHa9pf7AamKbMK3pmKAuxbg.webp", "brand": "MSI", "category": "Motherboard", "description": "Powered by AMD Ryzen AM4 processors, the MSI MAG B550 TOMAHAWK is hardened with performance essential specifications to outlast enemies. Equipped with Extended Heatsink Design, Core boost, M.2 Shield Frozr and 2.5G LAN for sustained performance. A variety of USB connectivity options including the latest USB 3.2 Gen 2x2 Type C standard allow for a range of peripheral and device compatibility.", "rating": "3.50", "numReviews": 19, "price": "169.99", "countInStock": 8, "createdAt": "2022-07-09T19:15:16.456Z"}}, {"model": "base.product", "pk": 15, "fields": {"user": 11, "name": "AMD Radeon RX 6800 XT", "image": "T6gf00rcnBqL1wksKwRc1AqrN8iI5mIP6VWYcfX5xwI.webp", "brand": "AMD", "category": "GPU", "description": "As a red team alternative to Nvidia's high-end graphics cards, there have been few finer than the RX 6800 XT. A highly competitive card that comes so close to its rival, with a nominal performance differential to the RTX 3080, is truly an enthusiast card worth consideration for any PC gamer with 4K in their sights.", "rating": null, "numReviews": 0, "price": "649.99", "countInStock": 15, "createdAt": "2022-08-04T11:00:34.928Z"}}, {"model": "base.product", "pk": 16, "fields": {"user": 11, "name": "Nvidia GeForce RTX 3060 Ti", "image": "201.jpg", "brand": "NVIDIA", "category": "GPU", "description": "The best value Ampere to date, the RTX 3060 Ti is very closely related to the RTX 3070. Both utilize the same GA104 GPU (the RTX 3060 Ti has fewer SMs enabled), with the same 8GB of GDDR6 memory across a 256-bit bus.", "rating": null, "numReviews": 0, "price": "359.99", "countInStock": 10, "createdAt": "2022-08-04T11:19:35.390Z"}}, {"model": "base.product", "pk": 17, "fields": {"user": 11, "name": "Intel Core i5-12400", "image": "VhQSSLU8hrKeD7J8VmPjeh.webp", "brand": "Intel", "category": "CPU", "description": "If you're looking for the hands-down best CPU for gaming, the mid-range Alder Lake six-core 12-thread Core i5-12400 is your chip, especially after recent price reductions that bring it down to an incredible $160. With the right tuning, it's even faster at gaming than the previous-gen $549 Core i9-11900K flagship, so it should go without saying that it's also faster than the $230 Ryzen 5 5600X in gaming.", "rating": null, "numReviews": 0, "price": "550.00", "countInStock": 30, "createdAt": "2022-08-04T11:38:05.712Z"}}, {"model": "base.product", "pk": 18, "fields": {"user": 11, "name": "Intel Core i9-12900K", "image": "01_European-Hardware-Awards-2022_Best-CPU__1_.png", "brand": "Intel", "category": "CPU", "description": "The chip comes with eight P-cores that support hyper-threading, and eight single-threaded E-cores for a total of 24 threads. The P-cores have a 3.2 GHz base, and peak frequencies reach 5.2 GHz with Turbo Boost Max 3.0 (this feature is only active on P-cores). Meanwhile, the E-cores have a 2.4 GHz base and stretch up to 3.9 GHz via the standard Turbo Boost 2.0 algorithms. The chip is also equipped with 30MB of L3 cache and 14MB of L2.", "rating": null, "numReviews": 0, "price": "681.99", "countInStock": 5, "createdAt": "2022-08-05T18:51:27.747Z"}}, {"model": "base.review", "pk": 1, "fields": {"product": 2, "user": 11, "name": "AdministratorBabe", "rating": 4, "comment": "Amazing product", "createdAt": "2022-08-04T22:51:07.490Z"}}, {"model": "base.review", "pk": 2, "fields": {"product": 2, "user": 15, "name": "Strahil Gulubinov", "rating": 5, "comment": "Best earbuds I've ever used!", "createdAt": "2022-08-04T23:05:43.540Z"}}, {"model": "base.order", "pk": 1, "fields": {"user": 11, "paymentMethod": "PayPal", "taxPrice": "399.34", "shippingPrice": "0.00", "totalPrice": "5269.33", "isPaid": false, "paidAt": null, "isDelivered": false, "deliveredAt": null, "createdAt": "2022-07-28T15:00:07.923Z"}}, {"model": "base.order", "pk": 2, "fields": {"user": 11, "paymentMethod": "PayPal", "taxPrice": "24.52", "shippingPrice": "0.00", "totalPrice": "323.52", "isPaid": false, "paidAt": null, "isDelivered": false, "deliveredAt": null, "createdAt": "2022-07-28T16:07:35.193Z"}}, {"model": "base.order", "pk": 3, "fields": {"user": 11, "paymentMethod": "PayPal", "taxPrice": "24.52", "shippingPrice": "0.00", "totalPrice": "323.52", "isPaid": false, "paidAt": null, "isDelivered": false, "deliveredAt": null, "createdAt": "2022-07-30T11:01:53.015Z"}}, {"model": "base.order", "pk": 4, "fields": {"user": 11, "paymentMethod": "PayPal", "taxPrice": "24.52", "shippingPrice": "0.00", "totalPrice": "323.52", "isPaid": false, "paidAt": null, "isDelivered": false, "deliveredAt": null, "createdAt": "2022-07-30T11:05:38.043Z"}}, {"model": "base.order", "pk": 5, "fields": {"user": 11, "paymentMethod": "PayPal", "taxPrice": "24.52", "shippingPrice": "0.00", "totalPrice": "323.52", "isPaid": false, "paidAt": null, "isDelivered": false, "deliveredAt": null, "createdAt": "2022-07-30T11:25:14.219Z"}}, {"model": "base.order", "pk": 6, "fields": {"user": 11, "paymentMethod": "PayPal", "taxPrice": "24.52", "shippingPrice": "0.00", "totalPrice": "323.52", "isPaid": false, "paidAt": null, "isDelivered": false, "deliveredAt": null, "createdAt": "2022-07-30T11:29:23.422Z"}}, {"model": "base.order", "pk": 7, "fields": {"user": 11, "paymentMethod": "PayPal", "taxPrice": "24.52", "shippingPrice": "0.00", "totalPrice": "323.52", "isPaid": false, "paidAt": null, "isDelivered": false, "deliveredAt": null, "createdAt": "2022-07-30T14:03:43.807Z"}}, {"model": "base.order", "pk": 8, "fields": {"user": 11, "paymentMethod": "PayPal", "taxPrice": "114.72", "shippingPrice": "0.00", "totalPrice": "1513.72", "isPaid": false, "paidAt": null, "isDelivered": false, "deliveredAt": null, "createdAt": "2022-07-30T15:19:12.080Z"}}, {"model": "base.order", "pk": 9, "fields": {"user": 11, "paymentMethod": "PayPal", "taxPrice": "24.52", "shippingPrice": "0.00", "totalPrice": "323.52", "isPaid": false, "paidAt": null, "isDelivered": false, "deliveredAt": null, "createdAt": "2022-07-30T15:19:56.125Z"}}, {"model": "base.order", "pk": 10, "fields": {"user": 11, "paymentMethod": "PayPal", "taxPrice": "245.18", "shippingPrice": "0.00", "totalPrice": "3235.18", "isPaid": false, "paidAt": null, "isDelivered": false, "deliveredAt": null, "createdAt": "2022-07-30T15:21:24.681Z"}}, {"model": "base.order", "pk": 11, "fields": {"user": 11, "paymentMethod": "PayPal", "taxPrice": "245.18", "shippingPrice": "0.00", "totalPrice": "3235.18", "isPaid": false, "paidAt": null, "isDelivered": false, "deliveredAt": null, "createdAt": "2022-07-30T15:22:22.836Z"}}, {"model": "base.order", "pk": 12, "fields": {"user": 11, "paymentMethod": "PayPal", "taxPrice": "147.11", "shippingPrice": "0.00", "totalPrice": "1941.11", "isPaid": false, "paidAt": null, "isDelivered": false, "deliveredAt": null, "createdAt": "2022-07-30T15:24:18.281Z"}}, {"model": "base.order", "pk": 13, "fields": {"user": 11, "paymentMethod": "PayPal", "taxPrice": "163.59", "shippingPrice": "0.00", "totalPrice": "2158.59", "isPaid": false, "paidAt": null, "isDelivered": false, "deliveredAt": null, "createdAt": "2022-07-31T10:07:11.406Z"}}, {"model": "base.order", "pk": 14, "fields": {"user": 11, "paymentMethod": "PayPal", "taxPrice": "79.95", "shippingPrice": "0.00", "totalPrice": "1054.94", "isPaid": false, "paidAt": null, "isDelivered": false, "deliveredAt": null, "createdAt": "2022-07-31T10:12:41.281Z"}}, {"model": "base.order", "pk": 15, "fields": {"user": 11, "paymentMethod": "PayPal", "taxPrice": "41.00", "shippingPrice": "0.00", "totalPrice": "541.00", "isPaid": false, "paidAt": null, "isDelivered": false, "deliveredAt": null, "createdAt": "2022-07-31T15:21:09.440Z"}}, {"model": "base.order", "pk": 16, "fields": {"user": 11, "paymentMethod": "PayPal", "taxPrice": "82.00", "shippingPrice": "0.00", "totalPrice": "1082.00", "isPaid": false, "paidAt": null, "isDelivered": false, "deliveredAt": null, "createdAt": "2022-07-31T15:26:48.573Z"}}, {"model": "base.order", "pk": 17, "fields": {"user": 11, "paymentMethod": "PayPal", "taxPrice": "73.72", "shippingPrice": "0.00", "totalPrice": "972.72", "isPaid": false, "paidAt": null, "isDelivered": false, "deliveredAt": null, "createdAt": "2022-07-31T15:29:12.645Z"}}, {"model": "base.order", "pk": 18, "fields": {"user": 11, "paymentMethod": "PayPal", "taxPrice": "6.23", "shippingPrice": "10.00", "totalPrice": "92.22", "isPaid": false, "paidAt": null, "isDelivered": false, "deliveredAt": null, "createdAt": "2022-07-31T15:31:45.102Z"}}, {"model": "base.order", "pk": 19, "fields": {"user": 11, "paymentMethod": "PayPal", "taxPrice": "6.23", "shippingPrice": "10.00", "totalPrice": "92.22", "isPaid": false, "paidAt": null, "isDelivered": false, "deliveredAt": null, "createdAt": "2022-07-31T15:38:35.416Z"}}, {"model": "base.order", "pk": 20, "fields": {"user": 11, "paymentMethod": "PayPal", "taxPrice": "24.52", "shippingPrice": "0.00", "totalPrice": "323.52", "isPaid": false, "paidAt": null, "isDelivered": false, "deliveredAt": null, "createdAt": "2022-08-01T11:38:44.897Z"}}, {"model": "base.order", "pk": 21, "fields": {"user": 11, "paymentMethod": "PayPal", "taxPrice": "13.94", "shippingPrice": "0.00", "totalPrice": "183.93", "isPaid": true, "paidAt": "2022-08-01T15:02:29.151Z", "isDelivered": true, "deliveredAt": "2022-08-04T15:20:30.744Z", "createdAt": "2022-08-01T12:01:02.542Z"}}, {"model": "base.order", "pk": 22, "fields": {"user": 11, "paymentMethod": "PayPal", "taxPrice": "41.00", "shippingPrice": "0.00", "totalPrice": "541.00", "isPaid": false, "paidAt": null, "isDelivered": false, "deliveredAt": null, "createdAt": "2022-08-01T13:50:38.687Z"}}, {"model": "base.orderitem", "pk": 1, "fields": {"product": 5, "order": 1, "name": "AMD Ryzen 9 3900XT", "qty": 5, "price": "899.00", "image": "/images/ryzen9.jpg"}}, {"model": "base.orderitem", "pk": 2, "fields": {"product": 2, "order": 1, "name": "AirPods Pro", "qty": 1, "price": "299.00", "image": "/images/mwp22.jpg"}}, {"model": "base.orderitem", "pk": 3, "fields": {"product": 6, "order": 1, "name": "Kingston Fury Beast 16GB", "qty": 1, "price": "75.99", "image": "/images/kingstonfury.jpg"}}, {"model": "base.orderitem", "pk": 4, "fields": {"product": 2, "order": 2, "name": "AirPods Pro", "qty": 1, "price": "299.00", "image": "/images/mwp22.jpg"}}, {"model": "base.orderitem", "pk": 5, "fields": {"product": 2, "order": 3, "name": "AirPods Pro", "qty": 1, "price": "299.00", "image": "/images/mwp22.jpg"}}, {"model": "base.orderitem", "pk": 6, "fields": {"product": 2, "order": 4, "name": "AirPods Pro", "qty": 1, "price": "299.00", "image": "/images/mwp22.jpg"}}, {"model": "base.orderitem", "pk": 7, "fields": {"product": 2, "order": 5, "name": "AirPods Pro", "qty": 1, "price": "299.00", "image": "/images/mwp22.jpg"}}, {"model": "base.orderitem", "pk": 8, "fields": {"product": 2, "order": 6, "name": "AirPods Pro", "qty": 1, "price": "299.00", "image": "/images/mwp22.jpg"}}, {"model": "base.orderitem", "pk": 9, "fields": {"product": 2, "order": 7, "name": "AirPods Pro", "qty": 1, "price": "299.00", "image": "/images/mwp22.jpg"}}, {"model": "base.orderitem", "pk": 10, "fields": {"product": 2, "order": 9, "name": "AirPods Pro", "qty": 1, "price": "299.00", "image": "/images/mwp22.jpg"}}, {"model": "base.orderitem", "pk": 11, "fields": {"product": 2, "order": 10, "name": "AirPods Pro", "qty": 10, "price": "299.00", "image": "/images/mwp22.jpg"}}, {"model": "base.orderitem", "pk": 12, "fields": {"product": 2, "order": 11, "name": "AirPods Pro", "qty": 10, "price": "299.00", "image": "/images/mwp22.jpg"}}, {"model": "base.orderitem", "pk": 13, "fields": {"product": 2, "order": 12, "name": "AirPods Pro", "qty": 6, "price": "299.00", "image": "/images/mwp22.jpg"}}, {"model": "base.orderitem", "pk": 14, "fields": {"product": 2, "order": 13, "name": "AirPods Pro", "qty": 5, "price": "299.00", "image": "/images/mwp22.jpg"}}, {"model": "base.orderitem", "pk": 15, "fields": {"product": null, "order": 13, "name": "OnePlus 6", "qty": 1, "price": "500.00", "image": "/images/afc852975d8472aaf632a7a9de6142515ca95cbb.jpg"}}, {"model": "base.orderitem", "pk": 16, "fields": {"product": 6, "order": 14, "name": "Kingston Fury Beast 16GB", "qty": 1, "price": "75.99", "image": "/images/kingstonfury.jpg"}}, {"model": "base.orderitem", "pk": 17, "fields": {"product": 5, "order": 14, "name": "AMD Ryzen 9 3900XT", "qty": 1, "price": "899.00", "image": "/images/ryzen9.jpg"}}, {"model": "base.orderitem", "pk": 18, "fields": {"product": null, "order": 15, "name": "OnePlus 6", "qty": 1, "price": "500.00", "image": "/images/afc852975d8472aaf632a7a9de6142515ca95cbb.jpg"}}, {"model": "base.orderitem", "pk": 19, "fields": {"product": null, "order": 16, "name": "OnePlus 6", "qty": 2, "price": "500.00", "image": "/images/afc852975d8472aaf632a7a9de6142515ca95cbb.jpg"}}, {"model": "base.orderitem", "pk": 20, "fields": {"product": 5, "order": 17, "name": "AMD Ryzen 9 3900XT", "qty": 1, "price": "899.00", "image": "/images/ryzen9.jpg"}}, {"model": "base.orderitem", "pk": 21, "fields": {"product": 6, "order": 18, "name": "Kingston Fury Beast 16GB", "qty": 1, "price": "75.99", "image": "/images/kingstonfury.jpg"}}, {"model": "base.orderitem", "pk": 22, "fields": {"product": 6, "order": 19, "name": "Kingston Fury Beast 16GB", "qty": 1, "price": "75.99", "image": "/images/kingstonfury.jpg"}}, {"model": "base.orderitem", "pk": 23, "fields": {"product": 2, "order": 20, "name": "AirPods Pro", "qty": 1, "price": "299.00", "image": "/images/mwp22.jpg"}}, {"model": "base.orderitem", "pk": 24, "fields": {"product": 8, "order": 21, "name": "MSI MAG B550 Tomahawk", "qty": 1, "price": "169.99", "image": "/images/msitomahawk.jpg"}}, {"model": "base.orderitem", "pk": 25, "fields": {"product": null, "order": 22, "name": "OnePlus 6", "qty": 1, "price": "500.00", "image": "/images/afc852975d8472aaf632a7a9de6142515ca95cbb.jpg"}}, {"model": "base.shippingaddress", "pk": 1, "fields": {"order": 1, "address": "Vasil Levski 34", "city": "Dulovo", "postalCode": "7650", "country": "България", "shippingPrice": null}}, {"model": "base.shippingaddress", "pk": 2, "fields": {"order": 2, "address": "Vasil Levski 34", "city": "Dulovo", "postalCode": "7650", "country": "Bulgaria", "shippingPrice": null}}, {"model": "base.shippingaddress", "pk": 3, "fields": {"order": 3, "address": "Vasil Levski 34", "city": "Dulovo", "postalCode": "7650", "country": "Bulgaria", "shippingPrice": null}}, {"model": "base.shippingaddress", "pk": 4, "fields": {"order": 4, "address": "Vasil Levski 34", "city": "Dulovo", "postalCode": "7650", "country": "Bulgaria", "shippingPrice": null}}, {"model": "base.shippingaddress", "pk": 5, "fields": {"order": 5, "address": "Vasil Levski 34", "city": "Dulovo", "postalCode": "7650", "country": "Bulgaria", "shippingPrice": null}}, {"model": "base.shippingaddress", "pk": 6, "fields": {"order": 6, "address": "Vasil Levski 34", "city": "Dulovo", "postalCode": "7650", "country": "Bulgaria", "shippingPrice": null}}, {"model": "base.shippingaddress", "pk": 7, "fields": {"order": 7, "address": "Vasil Levski 34", "city": "Dulovo", "postalCode": "7650", "country": "Bulgaria", "shippingPrice": null}}, {"model": "base.shippingaddress", "pk": 8, "fields": {"order": 8, "address": "Vasil Levski 34", "city": "Dulovo", "postalCode": "7650", "country": "Bulgaria", "shippingPrice": null}}, {"model": "base.shippingaddress", "pk": 9, "fields": {"order": 9, "address": "Vasil Levski 34", "city": "Dulovo", "postalCode": "7650", "country": "Bulgaria", "shippingPrice": null}}, {"model": "base.shippingaddress", "pk": 10, "fields": {"order": 10, "address": "Vasil Levski 34", "city": "Dulovo", "postalCode": "7650", "country": "Bulgaria", "shippingPrice": null}}, {"model": "base.shippingaddress", "pk": 11, "fields": {"order": 11, "address": "Vasil Levski 34", "city": "Dulovo", "postalCode": "7650", "country": "Bulgaria", "shippingPrice": null}}, {"model": "base.shippingaddress", "pk": 12, "fields": {"order": 12, "address": "Vasil Levski 34", "city": "Dulovo", "postalCode": "7650", "country": "Bulgaria", "shippingPrice": null}}, {"model": "base.shippingaddress", "pk": 13, "fields": {"order": 13, "address": "Vasil Levski 34", "city": "Dulovo", "postalCode": "7650", "country": "Bulgaria", "shippingPrice": null}}, {"model": "base.shippingaddress", "pk": 14, "fields": {"order": 14, "address": "Vasil Levski 34", "city": "Dulovo", "postalCode": "7650", "country": "Bulgaria", "shippingPrice": null}}, {"model": "base.shippingaddress", "pk": 15, "fields": {"order": 15, "address": "Vasil Levski 34", "city": "Dulovo", "postalCode": "7650", "country": "Bulgaria", "shippingPrice": null}}, {"model": "base.shippingaddress", "pk": 16, "fields": {"order": 16, "address": "Vasil Levski 34", "city": "Dulovo", "postalCode": "7650", "country": "Bulgaria", "shippingPrice": null}}, {"model": "base.shippingaddress", "pk": 17, "fields": {"order": 17, "address": "Vasil Levski 34", "city": "Dulovo", "postalCode": "7650", "country": "Bulgaria", "shippingPrice": null}}, {"model": "base.shippingaddress", "pk": 18, "fields": {"order": 18, "address": "Vasil Levski 34", "city": "Dulovo", "postalCode": "7650", "country": "Bulgaria", "shippingPrice": null}}, {"model": "base.shippingaddress", "pk": 19, "fields": {"order": 19, "address": "Vasil Levski 34", "city": "Dulovo", "postalCode": "7650", "country": "Bulgaria", "shippingPrice": null}}, {"model": "base.shippingaddress", "pk": 20, "fields": {"order": 20, "address": "Vasil Levski 34", "city": "Dulovo", "postalCode": "7650", "country": "Bulgaria", "shippingPrice": null}}, {"model": "base.shippingaddress", "pk": 21, "fields": {"order": 21, "address": "Vasil Levski 34", "city": "Dulovo", "postalCode": "7650", "country": "Bulgaria", "shippingPrice": null}}, {"model": "base.shippingaddress", "pk": 22, "fields": {"order": 22, "address": "Vasil Levski 34", "city": "Dulovo", "postalCode": "7650", "country": "Bulgaria", "shippingPrice": null}}]